date,temperature
01/01/2009,-6.810629371
02/01/2009,-3.360486111
03/01/2009,5.435694444
04/01/2009,7.283888889
05/01/2009,12.69006944
06/01/2009,15.20159722
07/01/2009,20.121875
08/01/2009,18.86479167
09/01/2009,21.28972222
10/01/2009,11.93784722
11/01/2009,3.210902778
12/01/2009,3.682430556
13/01/2009,-1.678194444
14/01/2009,-4.687777778
15/01/2009,-0.060972222
16/01/2009,-2.815763889
17/01/2009,0.039652778
18/01/2009,2.562847222
19/01/2009,2.524791667
20/01/2009,3.183541667
21/01/2009,-1.548055556
22/01/2009,-1.125694444
23/01/2009,1.460416667
24/01/2009,2.580347222
25/01/2009,0.984722222
26/01/2009,-3.284722222
27/01/2009,-1.344236111
28/01/2009,-2.493819444
29/01/2009,-2.371041667
30/01/2009,-2.396041667
31/01/2009,-2.001666667
01/02/2009,-3.728194444
02/02/2009,-0.729722222
03/02/2009,5.433819444
04/02/2009,10.62583333
05/02/2009,12.87756944
06/02/2009,17.50020833
07/02/2009,21.10069444
08/02/2009,20.09416667
09/02/2009,19.00138889
10/02/2009,8.827152778
11/02/2009,6.373680556
12/02/2009,0.947430556
13/02/2009,-1.345138889
14/02/2009,-3.619722222
15/02/2009,-4.306388889
16/02/2009,0.182013889
17/02/2009,-2.414236111
18/02/2009,-4.156041667
19/02/2009,-4.658125
20/02/2009,0.242986111
21/02/2009,1.07875
22/02/2009,1.915763889
23/02/2009,2.443125
24/02/2009,-0.348263889
25/02/2009,1.443680556
26/02/2009,3.973402778
27/02/2009,4.852569444
28/02/2009,6.567291667
01/03/2009,-5.271736111
02/03/2009,-0.043680556
03/03/2009,3.935416667
04/03/2009,12.84194444
05/03/2009,13.19
06/03/2009,10.93930556
07/03/2009,21.85944444
08/03/2009,17.196875
09/03/2009,16.20291667
10/03/2009,10.73555556
11/03/2009,5.777013889
12/03/2009,3.923402778
13/03/2009,6.547638889
14/03/2009,5.266458333
15/03/2009,6.188402778
16/03/2009,6.146388889
17/03/2009,6.388055556
18/03/2009,3.901944444
19/03/2009,2.707569444
20/03/2009,0.095486111
21/03/2009,1.732361111
22/03/2009,3.869652778
23/03/2009,5.707916667
24/03/2009,1.254930556
25/03/2009,-0.256805556
26/03/2009,4.225069444
27/03/2009,5.914722222
28/03/2009,5.385138889
29/03/2009,5.857986111
30/03/2009,4.617777778
31/03/2009,4.680694444
01/04/2009,-1.375208333
02/04/2009,-1.016527778
03/04/2009,4.606111111
04/04/2009,13.43604167
05/04/2009,8.107569444
06/04/2009,9.306527778
07/04/2009,21.29236111
08/04/2009,17.25909722
09/04/2009,14.0325
10/04/2009,11.76222222
11/04/2009,5.354652778
12/04/2009,2.817152778
13/04/2009,12.79076389
14/04/2009,13.65173611
15/04/2009,14.94298611
16/04/2009,14.75409722
17/04/2009,8.090833333
18/04/2009,7.445486111
19/04/2009,10.52840278
20/04/2009,10.85479167
21/04/2009,11.10881944
22/04/2009,8.520277778
23/04/2009,6.383958333
24/04/2009,9.899722222
25/04/2009,14.38076389
26/04/2009,13.90729167
27/04/2009,15.68555556
28/04/2009,13.11763889
29/04/2009,9.359583333
30/04/2009,12.30506944
01/05/2009,-4.867152778
02/05/2009,1.839513889
03/05/2009,2.216527778
04/05/2009,11.01284722
05/05/2009,6.822847222
06/05/2009,9.310694444
07/05/2009,20.61041667
08/05/2009,18.06229167
09/05/2009,12.39965278
10/05/2009,10.35763889
11/05/2009,6.10125
12/05/2009,0.917083333
13/05/2009,11.82256944
14/05/2009,12.2475
15/05/2009,14.56381944
16/05/2009,13.085625
17/05/2009,15.73145833
18/05/2009,15.54986111
19/05/2009,15.38291667
20/05/2009,16.88979167
21/05/2009,16.80625
22/05/2009,13.37430556
23/05/2009,13.40673611
24/05/2009,18.65694444
25/05/2009,18.5725
26/05/2009,19.945
27/05/2009,12.92076389
28/05/2009,11.96611111
29/05/2009,11.26930556
30/05/2009,10.67791667
31/05/2009,13.56819444
01/06/2009,-15.48284722
02/06/2009,2.575763889
03/06/2009,3.949513889
04/06/2009,11.96791667
05/06/2009,10.53333333
06/06/2009,8.150763889
07/06/2009,17.57048611
08/06/2009,19.81604167
09/06/2009,12.45923611
10/06/2009,14.64659722
11/06/2009,6.322291667
12/06/2009,6.259722222
13/06/2009,13.369375
14/06/2009,16.1
15/06/2009,16.25284722
16/06/2009,12.86201389
17/06/2009,14.35256944
18/06/2009,17.28451389
19/06/2009,15.91388889
20/06/2009,13.45138889
21/06/2009,11.79354167
22/06/2009,11.73756944
23/06/2009,13.87569444
24/06/2009,16.12020833
25/06/2009,14.47409722
26/06/2009,17.37006944
27/06/2009,16.32409722
28/06/2009,17.346875
29/06/2009,18.01694444
30/06/2009,20.16305556
01/07/2009,-15.734375
02/07/2009,1.401180556
03/07/2009,1.700625
04/07/2009,12.81243056
05/07/2009,14.19354167
06/07/2009,12.03958333
07/07/2009,15.97895833
08/07/2009,21.35006944
09/07/2009,14.61375
10/07/2009,18.60576389
11/07/2009,4.510486111
12/07/2009,5.101180556
13/07/2009,20.17472222
14/07/2009,19.89131944
15/07/2009,20.35930556
16/07/2009,20.84472222
17/07/2009,19.87194444
18/07/2009,15.09979167
19/07/2009,14.93791667
20/07/2009,15.33618056
21/07/2009,18.57069444
22/07/2009,21.63423611
23/07/2009,20.63381944
24/07/2009,16.73159722
25/07/2009,15.10430556
26/07/2009,16.66048611
27/07/2009,20.30736111
28/07/2009,18.87430556
29/07/2009,19.25111111
30/07/2009,18.68965278
31/07/2009,15.69076389
01/08/2009,-9.609166667
02/08/2009,1.1025
03/08/2009,2.807638889
04/08/2009,12.85694444
05/08/2009,13.23180556
06/08/2009,14.51486111
07/08/2009,14.74951389
08/08/2009,21.14201389
09/08/2009,16.745625
10/08/2009,15.33239437
11/08/2009,4.141736111
12/08/2009,5.644375
13/08/2009,17.16180556
14/08/2009,15.98555556
15/08/2009,19.0475
16/08/2009,21.99743056
17/08/2009,21.65895833
18/08/2009,18.67597222
19/08/2009,20.17659722
20/08/2009,25.30284722
21/08/2009,19.55993056
22/08/2009,15.94541667
23/08/2009,16.14152778
24/08/2009,19.28527778
25/08/2009,20.49763889
26/08/2009,19.37423611
27/08/2009,20.37111111
28/08/2009,20.01319444
29/08/2009,15.18604167
30/08/2009,13.71180556
31/08/2009,16.80861111
01/09/2009,-12.30145833
02/09/2009,-0.205416667
03/09/2009,3.841041667
04/09/2009,12.50555556
05/09/2009,13.12430556
06/09/2009,14.81256944
07/09/2009,14.63659722
08/09/2009,19.97076389
09/09/2009,17.5
10/09/2009,8.024791667
11/09/2009,3.552638889
12/09/2009,4.598125
13/09/2009,11.09763889
14/09/2009,10.90819444
15/09/2009,13.9475
16/09/2009,14.73888889
17/09/2009,13.91048611
18/09/2009,14.35506944
19/09/2009,15.05173611
20/09/2009,16.46666667
21/09/2009,15.03736111
22/09/2009,16.056875
23/09/2009,15.67173611
24/09/2009,13.3175
25/09/2009,10.89597222
26/09/2009,10.79048611
27/09/2009,11.47402778
28/09/2009,11.93395833
29/09/2009,14.04333333
30/09/2009,10.81472222
01/10/2009,-10.72826389
02/10/2009,2.501736111
03/10/2009,3.628055556
04/10/2009,14.26215278
05/10/2009,13.90736111
06/10/2009,14.46854167
07/10/2009,12.70777778
08/10/2009,18.68666667
09/10/2009,15.01284722
10/10/2009,10.10645833
11/10/2009,4.204930556
12/10/2009,4.00625
13/10/2009,4.617083333
14/10/2009,2.384097222
15/10/2009,1.243402778
16/10/2009,3.919583333
17/10/2009,3.959305556
18/10/2009,3.91875
19/10/2009,2.887013889
20/10/2009,1.323333333
21/10/2009,2.522222222
22/10/2009,2.577916667
23/10/2009,6.439791667
24/10/2009,7.475416667
25/10/2009,9.271527778
26/10/2009,8.065625
27/10/2009,10.44666667
28/10/2009,9.549791667
29/10/2009,8.715277778
30/10/2009,6.229583333
31/10/2009,1.454027778
01/11/2009,-8.681666667
02/11/2009,0.274791667
03/11/2009,2.926319444
04/11/2009,15.2625
05/11/2009,10.49020833
06/11/2009,13.32229167
07/11/2009,12.45416667
08/11/2009,18.15145833
09/11/2009,15.17090278
10/11/2009,10.52534722
11/11/2009,5.290555556
12/11/2009,1.419583333
13/11/2009,8.440138889
14/11/2009,10.07756944
15/11/2009,9.699513889
16/11/2009,7.326527778
17/11/2009,9.412986111
18/11/2009,8.269583333
19/11/2009,9.205763889
20/11/2009,8.08125
21/11/2009,9.078263889
22/11/2009,10.61645833
23/11/2009,9.036111111
24/11/2009,9.579027778
25/11/2009,10.92951389
26/11/2009,8.046180556
27/11/2009,7.162152778
28/11/2009,6.894375
29/11/2009,8.692708333
30/11/2009,5.038819444
01/12/2009,-5.384861111
02/12/2009,-1.432708333
03/12/2009,2.976111111
04/12/2009,14.096875
05/12/2009,10.84486111
06/12/2009,11.07715278
07/12/2009,16.04715278
08/12/2009,17.936875
09/12/2009,13.81284722
10/12/2009,6.733125
11/12/2009,4.559027778
12/12/2009,-0.037013889
13/12/2009,-2.922569444
14/12/2009,-3.671111111
15/12/2009,-2.45125
16/12/2009,-3.853194444
17/12/2009,-6.976875
18/12/2009,-10.73625
19/12/2009,-15.98493056
20/12/2009,-12.19319444
21/12/2009,-3.248888889
22/12/2009,3.191319444
23/12/2009,-0.073055556
24/12/2009,-0.268055556
25/12/2009,3.690416667
26/12/2009,2.002986111
27/12/2009,-0.545069444
28/12/2009,2.011944444
29/12/2009,-2.211875
30/12/2009,1.119930556
31/12/2009,-1.282291667
01/01/2010,-3.819236111
02/01/2010,-2.27625
03/01/2010,4.168680556
04/01/2010,5.149166667
05/01/2010,12.571875
06/01/2010,9.696666667
07/01/2010,22.53219512
08/01/2010,20.78034722
09/01/2010,11.76305556
10/01/2010,9.953541667
11/01/2010,7.3775
12/01/2010,-11.01277778
13/01/2010,-9.431736111
14/01/2010,-2.341527778
15/01/2010,-2.103472222
16/01/2010,-2.709791667
17/01/2010,-0.041319444
18/01/2010,2.249513889
19/01/2010,0.762083333
20/01/2010,-0.222777778
21/01/2010,-6.013402778
22/01/2010,-6.487013889
23/01/2010,-5.828472222
24/01/2010,-5.601180556
25/01/2010,-5.586111111
26/01/2010,-11.84291667
27/01/2010,-11.23770833
28/01/2010,-0.539166667
29/01/2010,0.028611111
30/01/2010,-2.180763889
31/01/2010,-4.670763889
01/02/2010,-5.110555556
02/02/2010,-1.869930556
03/02/2010,1.757708333
04/02/2010,4.511597222
05/02/2010,10.15298611
06/02/2010,10.76284722
07/02/2010,24.47675862
08/02/2010,18.94020833
09/02/2010,12.75131944
10/02/2010,11.33631944
11/02/2010,6.487986111
12/02/2010,-11.38354167
13/02/2010,-4.790625
14/02/2010,-4.796041667
15/02/2010,-4.657777778
16/02/2010,-5.632638889
17/02/2010,-5.175902778
18/02/2010,1.672708333
19/02/2010,1.471527778
20/02/2010,0.874305556
21/02/2010,-0.276944444
22/02/2010,2.457986111
23/02/2010,3.830625
24/02/2010,2.875277778
25/02/2010,5.845416667
26/02/2010,6.734444444
27/02/2010,4.960277778
28/02/2010,7.890347222
01/03/2010,-4.702222222
02/03/2010,0.568611111
03/03/2010,1.224444444
04/03/2010,6.469375
05/03/2010,10.73715278
06/03/2010,15.63
07/03/2010,25.76263889
08/03/2010,15.60638889
09/03/2010,13.18444444
10/03/2010,13.29666667
11/03/2010,10.40486111
12/03/2010,-11.81208333
13/03/2010,2.430416667
14/03/2010,3.587777778
15/03/2010,1.583125
16/03/2010,2.523958333
17/03/2010,5.762569444
18/03/2010,7.2925
19/03/2010,10.05479167
20/03/2010,11.70416667
21/03/2010,11.05277778
22/03/2010,7.843958333
23/03/2010,7.815138889
24/03/2010,9.440069444
25/03/2010,13.03555556
26/03/2010,12.1675
27/03/2010,7.553333333
28/03/2010,7.707152778
29/03/2010,8.790625
30/03/2010,11.83534722
31/03/2010,7.196458333
01/04/2010,-6.132569444
02/04/2010,0.269236111
03/04/2010,-2.09625
04/04/2010,8.471666667
05/04/2010,7.724583333
06/04/2010,15.74180556
07/04/2010,21.89930556
08/04/2010,16.17756944
09/04/2010,11.093125
10/04/2010,11.15833333
11/04/2010,14.46270833
12/04/2010,-9.804444444
13/04/2010,8.063055556
14/04/2010,5.843819444
15/04/2010,4.57375
16/04/2010,5.930486111
17/04/2010,7.110069444
18/04/2010,10.02909722
19/04/2010,9.167083333
20/04/2010,10.78902778
21/04/2010,5.191319444
22/04/2010,5.428472222
23/04/2010,7.158472222
24/04/2010,10.38520833
25/04/2010,13.80770833
26/04/2010,12.09875
27/04/2010,12.125625
28/04/2010,12.29527778
29/04/2010,16.26402778
30/04/2010,16.89784722
01/05/2010,-10.26340278
02/05/2010,-0.679166667
03/05/2010,-3.318819444
04/05/2010,6.703819444
05/05/2010,6.508611111
06/05/2010,18.14215278
07/05/2010,20.66194444
08/05/2010,16.5525
09/05/2010,10.10680556
10/05/2010,12.66729167
11/05/2010,13.14701389
12/05/2010,-2.273055556
13/05/2010,7.561458333
14/05/2010,6.844930556
15/05/2010,5.676944444
16/05/2010,9.668611111
17/05/2010,10.38694444
18/05/2010,9.252222222
19/05/2010,7.247847222
20/05/2010,9.747152778
21/05/2010,13.20291667
22/05/2010,13.694375
23/05/2010,16.73354167
24/05/2010,16.534375
25/05/2010,14.09722222
26/05/2010,10.87958333
27/05/2010,12.00590278
28/05/2010,12.90152778
29/05/2010,13.70180556
30/05/2010,13.08944444
31/05/2010,9.135625
01/06/2010,-9.028194444
02/06/2010,-0.031597222
03/06/2010,-3.962083333
04/06/2010,7.878611111
05/06/2010,5.301875
06/06/2010,20.89486111
07/06/2010,16.13145833
08/06/2010,14.06895833
09/06/2010,10.49305556
10/06/2010,13.67881944
11/06/2010,9.660555556
12/06/2010,-1.400069444
13/06/2010,13.77236111
14/06/2010,13.76680556
15/06/2010,14.70263889
16/06/2010,14.36965278
17/06/2010,16.42826389
18/06/2010,16.22708333
19/06/2010,11.68673611
20/06/2010,12.19416667
21/06/2010,11.77111111
22/06/2010,13.49930556
23/06/2010,15.64520833
24/06/2010,19.07118056
25/06/2010,18.64680556
26/06/2010,18.4225
27/06/2010,18.65319444
28/06/2010,20.56875
29/06/2010,22.12826389
30/06/2010,21.98673611
01/07/2010,-8.348263889
02/07/2010,-4.96375
03/07/2010,-4.605069444
04/07/2010,10.28784722
05/07/2010,6.528263889
06/07/2010,18.39152778
07/07/2010,17.12111111
08/07/2010,17.78784722
09/07/2010,12.32701389
10/07/2010,12.32763889
11/07/2010,4.067152778
12/07/2010,-3.933402778
13/07/2010,22.60229167
14/07/2010,25.20576389
15/07/2010,22.04013889
16/07/2010,24.95625
17/07/2010,20.43756944
18/07/2010,18.97763889
19/07/2010,18.56402778
20/07/2010,20.56618056
21/07/2010,25.01173611
22/07/2010,22.31055556
23/07/2010,17.72694444
24/07/2010,16.43986111
25/07/2010,15.59854167
26/07/2010,15.03840278
27/07/2010,17.53618056
28/07/2010,16.25409722
29/07/2010,14.77715278
30/07/2010,15.9125
31/07/2010,17.90805556
01/08/2010,-9.687083333
02/08/2010,-7.049444444
03/08/2010,-3.963263889
04/08/2010,10.95333333
05/08/2010,9.421736111
06/08/2010,19.18451389
07/08/2010,21.29666667
08/08/2010,17.04229167
09/08/2010,13.76694444
10/08/2010,12.21527778
11/08/2010,2.044027778
12/08/2010,-3.387569444
13/08/2010,16.05125
14/08/2010,16.011875
15/08/2010,14.98569444
16/08/2010,14.94722222
17/08/2010,13.50715278
18/08/2010,15.74048611
19/08/2010,16.07645833
20/08/2010,17.46368056
21/08/2010,20.63451389
22/08/2010,21.35402778
23/08/2010,18.98777778
24/08/2010,17.59388889
25/08/2010,15.32736111
26/08/2010,17.58763889
27/08/2010,18.34215278
28/08/2010,13.33798611
29/08/2010,11.58479167
30/08/2010,9.116111111
31/08/2010,12.21125
01/09/2010,-5.315208333
02/09/2010,-6.849375
03/09/2010,-5.612152778
04/09/2010,9.014305556
05/09/2010,10.06347222
06/09/2010,22.76583333
07/09/2010,24.86305556
08/09/2010,17.07208333
09/09/2010,13.811875
10/09/2010,10.29069444
11/09/2010,3.760833333
12/09/2010,-2.078333333
13/09/2010,13.58631944
14/09/2010,12.56458333
15/09/2010,14.11875
16/09/2010,12.47659722
17/09/2010,11.31243056
18/09/2010,9.28
19/09/2010,9.431527778
20/09/2010,11.09979167
21/09/2010,12.72736111
22/09/2010,13.07965278
23/09/2010,14.34638889
24/09/2010,16.23444444
25/09/2010,10.46729167
26/09/2010,9.055486111
27/09/2010,8.31125
28/09/2010,9.216944444
29/09/2010,8.228055556
30/09/2010,8.500763889
01/10/2010,-5.177430556
02/10/2010,-6.703958333
03/10/2010,-2.800277778
04/10/2010,5.893263889
05/10/2010,8.315833333
06/10/2010,23.38152778
07/10/2010,26.89277778
08/10/2010,18.89118056
09/10/2010,14.47631944
10/10/2010,6.610625
11/10/2010,5.032291667
12/10/2010,-1.786597222
13/10/2010,4.894513889
14/10/2010,6.081736111
15/10/2010,8.216041667
16/10/2010,6.098888889
17/10/2010,5.205138889
18/10/2010,2.035902778
19/10/2010,3.488888889
20/10/2010,4.956527778
21/10/2010,4.310208333
22/10/2010,4.114027778
23/10/2010,5.056597222
24/10/2010,7.405833333
25/10/2010,3.89125
26/10/2010,3.963194444
27/10/2010,5.072430556
28/10/2010,8.642430556
29/10/2010,7.633819444
30/10/2010,9.165208333
31/10/2010,8.575416667
01/11/2010,-6.733888889
02/11/2010,-6.440972222
03/11/2010,-3.694861111
04/11/2010,3.311388889
05/11/2010,8.674097222
06/11/2010,21.40152778
07/11/2010,27.64118056
08/11/2010,17.04729167
09/11/2010,14.01277778
10/11/2010,5.423055556
11/11/2010,4.554791667
12/11/2010,2.526736111
13/11/2010,13.69013889
14/11/2010,13.728125
15/11/2010,8.78125
16/11/2010,3.181458333
17/11/2010,2.117916667
18/11/2010,3.306180556
19/11/2010,4.353125
20/11/2010,3.543680556
21/11/2010,0.139930556
22/11/2010,0.902986111
23/11/2010,1.364375
24/11/2010,0.392361111
25/11/2010,-0.532152778
26/11/2010,-1.701180556
27/11/2010,-5.611875
28/11/2010,-5.342083333
29/11/2010,-3.836597222
30/11/2010,-5.388819444
01/12/2010,-6.860902778
02/12/2010,-3.690347222
03/12/2010,0.453611111
04/12/2010,4.971041667
05/12/2010,10.53194444
06/12/2010,16.52694444
07/12/2010,26.16451389
08/12/2010,15.39375
09/12/2010,15.41618056
10/12/2010,3.725763889
11/12/2010,9.289791667
12/12/2010,-0.134652778
13/12/2010,-6.142361111
14/12/2010,-5.513333333
15/12/2010,-6.473611111
16/12/2010,-6.090416667
17/12/2010,-4.931875
18/12/2010,-9.020972222
19/12/2010,-4.580208333
20/12/2010,-1.816388889
21/12/2010,-4.130138889
22/12/2010,-0.727916667
23/12/2010,-0.828888889
24/12/2010,-2.820694444
25/12/2010,-7.287430556
26/12/2010,-9.840763889
27/12/2010,-4.520347222
28/12/2010,-5.791944444
29/12/2010,-13.16354167
30/12/2010,-10.36229167
31/12/2010,-4.208680556
01/01/2011,-0.316597222
02/01/2011,-5.702222222
03/01/2011,-0.044305556
04/01/2011,13.58020833
05/01/2011,9.337777778
06/01/2011,10.99527778
07/01/2011,11.11784722
08/01/2011,14.96333333
09/01/2011,14.20888889
10/01/2011,15.8
11/01/2011,7.19
12/01/2011,3.858819444
13/01/2011,5.908888889
14/01/2011,9.841805556
15/01/2011,7.741388889
16/01/2011,5.752638889
17/01/2011,1.60625
18/01/2011,5.726666667
19/01/2011,1.314583333
20/01/2011,-0.640833333
21/01/2011,-2.154236111
22/01/2011,-2.335416667
23/01/2011,-1.270555556
24/01/2011,0.502638889
25/01/2011,0.925208333
26/01/2011,0.152847222
27/01/2011,-2.766736111
28/01/2011,-3.004166667
29/01/2011,-5.756319444
30/01/2011,-6.296736111
31/01/2011,-6.309444444
01/02/2011,-0.353680556
02/02/2011,-3.387847222
03/02/2011,-0.333541667
04/02/2011,14.55923611
05/02/2011,5.599236111
06/02/2011,14.97069444
07/02/2011,11.15041667
08/02/2011,17.71145833
09/02/2011,16.31534722
10/02/2011,15.76951389
11/02/2011,7.319027778
12/02/2011,7.860763889
13/02/2011,1.53125
14/02/2011,1.871388889
15/02/2011,1.276597222
16/02/2011,2.547152778
17/02/2011,-2.004305556
18/02/2011,-2.941388889
19/02/2011,-3.254722222
20/02/2011,-6.170347222
21/02/2011,-8.896666667
22/02/2011,-9.646180556
23/02/2011,-9.078194444
24/02/2011,-3.090972222
25/02/2011,-0.09625
26/02/2011,0.245555556
27/02/2011,1.01875
28/02/2011,1.393819444
01/03/2011,-1.567222222
02/03/2011,-0.288888889
03/03/2011,-1.055902778
04/03/2011,15.37881944
05/03/2011,4.860902778
06/03/2011,17.59430556
07/03/2011,10.86590278
08/03/2011,20.53902778
09/03/2011,19.59541667
10/03/2011,16.05513889
11/03/2011,8.38875
12/03/2011,3.432708333
13/03/2011,8.437222222
14/03/2011,9.23875
15/03/2011,8.943194444
16/03/2011,4.429375
17/03/2011,4.605972222
18/03/2011,3.407152778
19/03/2011,2.915555556
20/03/2011,1.803125
21/03/2011,3.954652778
22/03/2011,5.883611111
23/03/2011,6.723333333
24/03/2011,7.252152778
25/03/2011,7.646319444
26/03/2011,4.278541667
27/03/2011,3.652083333
28/03/2011,4.923958333
29/03/2011,6.520763889
30/03/2011,8.897638889
31/03/2011,10.49652778
01/04/2011,-5.887361111
02/04/2011,3.399722222
03/04/2011,-0.151666667
04/04/2011,9.204930556
05/04/2011,4.587361111
06/04/2011,20.90743056
07/04/2011,14.40805556
08/04/2011,19.81138889
09/04/2011,20.93972222
10/04/2011,17.49194444
11/04/2011,7.318055556
12/04/2011,6.688055556
13/04/2011,6.410069444
14/04/2011,6.058888889
15/04/2011,6.499166667
16/04/2011,8.965277778
17/04/2011,9.684097222
18/04/2011,10.0475
19/04/2011,12.12979167
20/04/2011,13.40055556
21/04/2011,14.67555556
22/04/2011,15.26152778
23/04/2011,15.63909722
24/04/2011,14.620625
25/04/2011,11.03041667
26/04/2011,8.866458333
27/04/2011,10.54027778
28/04/2011,12.86291667
29/04/2011,14.00986111
30/04/2011,13.01506944
01/05/2011,-7.415902778
02/05/2011,8.198194444
03/05/2011,-0.310555556
04/05/2011,8.961388889
05/05/2011,7.980486111
06/05/2011,21.87993056
07/05/2011,15.601875
08/05/2011,19.329375
09/05/2011,17.31277778
10/05/2011,15.81055556
11/05/2011,6.543680556
12/05/2011,2.627430556
13/05/2011,12.91916667
14/05/2011,12.78111111
15/05/2011,10.23798611
16/05/2011,10.24534722
17/05/2011,14.13104167
18/05/2011,16.31173611
19/05/2011,16.57715278
20/05/2011,15.63291667
21/05/2011,16.45819444
22/05/2011,18.35423611
23/05/2011,15.62291667
24/05/2011,15.31625
25/05/2011,12.66861111
26/05/2011,16.87569444
27/05/2011,13.66472222
28/05/2011,12.79229167
29/05/2011,16.96569444
30/05/2011,21.16090278
31/05/2011,18.79125
01/06/2011,1.616944444
02/06/2011,8.332569444
03/06/2011,0.059791667
04/06/2011,13.65208333
05/06/2011,12.23680556
06/06/2011,18.79388889
07/06/2011,19.150625
08/06/2011,21.68659722
09/06/2011,15.91777778
10/06/2011,13.62
11/06/2011,6.845277778
12/06/2011,1.367083333
13/06/2011,15.76555556
14/06/2011,16.35979167
15/06/2011,18.61555556
16/06/2011,18.9325
17/06/2011,16.55847222
18/06/2011,15.09111111
19/06/2011,13.30479167
20/06/2011,13.86756944
21/06/2011,16.66861111
22/06/2011,17.69006944
23/06/2011,16.02215278
24/06/2011,13.50083333
25/06/2011,12.90159722
26/06/2011,17.53340278
27/06/2011,20.12847222
28/06/2011,21.55604167
29/06/2011,20.96354167
30/06/2011,13.40013889
01/07/2011,5.595069444
02/07/2011,4.787152778
03/07/2011,-0.949375
04/07/2011,14.45666667
05/07/2011,15.40166667
06/07/2011,18.53791667
07/07/2011,20.31972222
08/07/2011,17.91645833
09/07/2011,15.15145833
10/07/2011,8.244097222
11/07/2011,4.872013889
12/07/2011,2.673263889
13/07/2011,19.86090278
14/07/2011,15.14458333
15/07/2011,15.07833333
16/07/2011,18.43722222
17/07/2011,16.60458333
18/07/2011,14.90902778
19/07/2011,17.25125
20/07/2011,18.10013889
21/07/2011,15.48875
22/07/2011,13.60534722
23/07/2011,13.06027778
24/07/2011,13.12034722
25/07/2011,13.11375
26/07/2011,16.25861111
27/07/2011,19.14229167
28/07/2011,18.09486111
29/07/2011,16.74319444
30/07/2011,12.95847222
31/07/2011,12.88006944
01/08/2011,7.668888889
02/08/2011,5.701736111
03/08/2011,2.395555556
04/08/2011,10.55180556
05/08/2011,14.8325
06/08/2011,15.79111111
07/08/2011,18.16958333
08/08/2011,14.275625
09/08/2011,12.37986111
10/08/2011,6.531875
11/08/2011,4.317569444
12/08/2011,4.591736111
13/08/2011,17.009375
14/08/2011,18.99208333
15/08/2011,16.76743056
16/08/2011,16.25013889
17/08/2011,19.27576389
18/08/2011,21.63805556
19/08/2011,17.76875
20/08/2011,16.39694444
21/08/2011,18.64805556
22/08/2011,21.29048611
23/08/2011,21.54472222
24/08/2011,22.37604167
25/08/2011,19.74277778
26/08/2011,24.71659722
27/08/2011,14.63791667
28/08/2011,14.62361111
29/08/2011,14.68013889
30/08/2011,12.28715278
31/08/2011,11.81333333
01/09/2011,5.484930556
02/09/2011,0.057708333
03/09/2011,5.612638889
04/09/2011,8.992291667
05/09/2011,16.49305556
06/09/2011,14.94215278
07/09/2011,20.87180556
08/09/2011,13.2425
09/09/2011,15.11576389
10/09/2011,6.621388889
11/09/2011,2.773888889
12/09/2011,4.711388889
13/09/2011,17.56284722
14/09/2011,14.20638889
15/09/2011,12.49041667
16/09/2011,12.22215278
17/09/2011,16.553125
18/09/2011,12.43104167
19/09/2011,11.55270833
20/09/2011,11.27972222
21/09/2011,12.03395833
22/09/2011,13.18958333
23/09/2011,11.48048611
24/09/2011,11.83347222
25/09/2011,13.56909722
26/09/2011,15.86444444
27/09/2011,15.35465278
28/09/2011,15.19784722
29/09/2011,14.44173611
30/09/2011,15.45840278
01/10/2011,-2.469930556
02/10/2011,1.019375
03/10/2011,6.470069444
04/10/2011,9.021111111
05/10/2011,17.26979167
06/10/2011,14.25055556
07/10/2011,19.64743056
08/10/2011,13.54222222
09/10/2011,20.05381944
10/10/2011,11.88638889
11/10/2011,3.286597222
12/10/2011,1.743125
13/10/2011,7.565833333
14/10/2011,3.215208333
15/10/2011,3.029236111
16/10/2011,6.045416667
17/10/2011,6.770486111
18/10/2011,8.602361111
19/10/2011,6.385833333
20/10/2011,4.842847222
21/10/2011,2.228402778
22/10/2011,2.101041667
23/10/2011,3.853541667
24/10/2011,7.726388889
25/10/2011,7.662916667
26/10/2011,9.103194444
27/10/2011,6.549027778
28/10/2011,10.56138889
29/10/2011,9.205277778
30/10/2011,10.453125
31/10/2011,9.960625
01/11/2011,-0.515138889
02/11/2011,7.447291667
03/11/2011,7.056319444
04/11/2011,12.01763889
05/11/2011,16.25020833
06/11/2011,14.30826389
07/11/2011,18.85354167
08/11/2011,18.20784722
09/11/2011,20.23611111
10/11/2011,14.478125
11/11/2011,1.610138889
12/11/2011,-0.758888889
13/11/2011,0.967083333
14/11/2011,-0.563194444
15/11/2011,-3.063680556
16/11/2011,-2.555138889
17/11/2011,-1.059930556
18/11/2011,2.195972222
19/11/2011,4.344513889
20/11/2011,2.298611111
21/11/2011,5.145138889
22/11/2011,2.562986111
23/11/2011,2.332430556
24/11/2011,1.496388889
25/11/2011,1.682291667
26/11/2011,4.728402778
27/11/2011,6.075972222
28/11/2011,4.442083333
29/11/2011,0.068125
30/11/2011,5.709027778
01/12/2011,3.608125
02/12/2011,-0.431111111
03/12/2011,5.927916667
04/12/2011,8.607083333
05/12/2011,14.32180556
06/12/2011,15.42194444
07/12/2011,19.61277778
08/12/2011,17.15076389
09/12/2011,16.74743056
10/12/2011,8.334375
11/12/2011,1.493263889
12/12/2011,4.160347222
13/12/2011,4.727013889
14/12/2011,5.505555556
15/12/2011,3.780694444
16/12/2011,4.026458333
17/12/2011,2.436666667
18/12/2011,1.042777778
19/12/2011,-0.161597222
20/12/2011,-0.44875
21/12/2011,2.362777778
22/12/2011,2.39
23/12/2011,6.272638889
24/12/2011,3.866527778
25/12/2011,3.312847222
26/12/2011,7.108472222
27/12/2011,6.704513889
28/12/2011,4.783680556
29/12/2011,3.788819444
30/12/2011,1.792361111
31/12/2011,1.710972222
01/01/2012,7.769097222
02/01/2012,-11.99993056
03/01/2012,10.3575
04/01/2012,4.461527778
05/01/2012,16.91340278
06/01/2012,12.64076389
07/01/2012,19.02055556
08/01/2012,21.10861111
09/01/2012,14.87013889
10/01/2012,11.32472222
11/01/2012,6.432361111
12/01/2012,-2.1975
13/01/2012,1.723194444
14/01/2012,1.011111111
15/01/2012,-1.720277778
16/01/2012,-1.726041667
17/01/2012,-0.164930556
18/01/2012,-0.573333333
19/01/2012,3.102291667
20/01/2012,1.525694444
21/01/2012,1.929027778
22/01/2012,3.813680556
23/01/2012,3.230347222
24/01/2012,1.253819444
25/01/2012,0.61625
26/01/2012,-1.921597222
27/01/2012,-1.669791667
28/01/2012,-2.366527778
29/01/2012,-6.132361111
30/01/2012,-7.337916667
31/01/2012,-9.651944444
01/02/2012,8.635416667
02/02/2012,-14.56451389
03/02/2012,7.309027778
04/02/2012,7.170694444
05/02/2012,17.85451389
06/02/2012,12.16125
07/02/2012,16.66083333
08/02/2012,23.66069444
09/02/2012,14.86986111
10/02/2012,13.06381944
11/02/2012,8.017222222
12/02/2012,-0.495833333
13/02/2012,-3.648402778
14/02/2012,-0.709583333
15/02/2012,2.560833333
16/02/2012,1.592013889
17/02/2012,4.615833333
18/02/2012,5.254861111
19/02/2012,3.957777778
20/02/2012,0.566041667
21/02/2012,0.692152778
22/02/2012,5.812986111
23/02/2012,7.564236111
24/02/2012,9.704722222
25/02/2012,6.049722222
26/02/2012,4.014097222
27/02/2012,2.399930556
28/02/2012,6.93125
29/02/2012,9.938680556
01/03/2012,5.074861111
02/03/2012,-14.44736111
03/03/2012,6.295277778
04/03/2012,9.767222222
05/03/2012,14.99520833
06/03/2012,9.245833333
07/03/2012,18.20493056
08/03/2012,20.97631944
09/03/2012,17.19354167
10/03/2012,14.20965278
11/03/2012,8.220972222
12/03/2012,0.41875
13/03/2012,6.649722222
14/03/2012,5.609444444
15/03/2012,7.6375
16/03/2012,10.99798611
17/03/2012,12.62423611
18/03/2012,10.03208333
19/03/2012,6.465486111
20/03/2012,6.046180556
21/03/2012,9.63125
22/03/2012,8.910277778
23/03/2012,8.503333333
24/03/2012,9.5275
25/03/2012,10.76701389
26/03/2012,8.295555556
27/03/2012,9.658958333
28/03/2012,12.21604167
29/03/2012,8.823125
30/03/2012,7.655972222
31/03/2012,6.224097222
01/04/2012,5.009375
02/04/2012,-12.76902778
03/04/2012,7.268194444
04/04/2012,7.331041667
05/04/2012,14.735
06/04/2012,11.82652778
07/04/2012,21.07784722
08/04/2012,21.17715278
09/04/2012,16.876875
10/04/2012,13.17881944
11/04/2012,8.079722222
12/04/2012,2.246111111
13/04/2012,7.320486111
14/04/2012,6.615277778
15/04/2012,7.759722222
16/04/2012,5.886319444
17/04/2012,5.162569444
18/04/2012,7.057986111
19/04/2012,9.182430556
20/04/2012,9.760208333
21/04/2012,8.817430556
22/04/2012,8.89625
23/04/2012,7.979652778
24/04/2012,8.604166667
25/04/2012,11.4
26/04/2012,14.74333333
27/04/2012,17.35666667
28/04/2012,21.77888889
29/04/2012,21.855625
30/04/2012,18.060625
01/05/2012,3.251319444
02/05/2012,-14.58347222
03/05/2012,4.4575
04/05/2012,3.939722222
05/05/2012,11.31791667
06/05/2012,9.900555556
07/05/2012,19.60611111
08/05/2012,19.32444444
09/05/2012,14.09694444
10/05/2012,12.69152778
11/05/2012,7.858680556
12/05/2012,-0.074444444
13/05/2012,7.274722222
14/05/2012,10.16694444
15/05/2012,10.35916667
16/05/2012,8.425694444
17/05/2012,8.964791667
18/05/2012,12.79333333
19/05/2012,18.13722222
20/05/2012,20.68201389
21/05/2012,20.86618056
22/05/2012,22.29923611
23/05/2012,22.97319444
24/05/2012,19.59402778
25/05/2012,16.45069444
26/05/2012,16.72631944
27/05/2012,17.74479167
28/05/2012,18.23256944
29/05/2012,17.55222222
30/05/2012,16.34729167
31/05/2012,15.30430556
01/06/2012,2.484583333
02/06/2012,-16.45729167
03/06/2012,3.854375
04/06/2012,2.916527778
05/06/2012,6.639930556
06/06/2012,10.85527778
07/06/2012,20.15465278
08/06/2012,20.21013889
09/06/2012,14.00611111
10/06/2012,14.88951389
11/06/2012,4.683055556
12/06/2012,-1.914097222
13/06/2012,14.07944444
14/06/2012,11.84951389
15/06/2012,16.585
16/06/2012,19.05055556
17/06/2012,18.179375
18/06/2012,21.27659722
19/06/2012,19.69381944
20/06/2012,16.93173611
21/06/2012,15.041875
22/06/2012,18.39138889
23/06/2012,16.99006944
24/06/2012,16.86451389
25/06/2012,14.56444444
26/06/2012,13.88868056
27/06/2012,16.24680556
28/06/2012,21.08736111
29/06/2012,24.96513889
30/06/2012,24.38569444
01/07/2012,3.160277778
02/07/2012,-15.35972222
03/07/2012,3.030486111
04/07/2012,2.695347222
05/07/2012,9.908194444
06/07/2012,16.95611111
07/07/2012,19.50611111
08/07/2012,17.96375
09/07/2012,14.75597222
10/07/2012,9.800555556
11/07/2012,8.263125
12/07/2012,-4.616111111
13/07/2012,14.20451389
14/07/2012,15.83534722
15/07/2012,15.97888889
16/07/2012,15.40138889
17/07/2012,15.76138889
18/07/2012,19.08458333
19/07/2012,18.72340278
20/07/2012,15.57916667
21/07/2012,13.81375
22/07/2012,14.44305556
23/07/2012,17.38847222
24/07/2012,21.39965278
25/07/2012,25.17048611
26/07/2012,25.24347222
27/07/2012,25.72979167
28/07/2012,21.65243056
29/07/2012,19.01534722
30/07/2012,16.63381944
31/07/2012,17.54826389
01/08/2012,3.217777778
02/08/2012,-10.16298611
03/08/2012,4.425625
04/08/2012,1.377083333
05/08/2012,14.22111111
06/08/2012,19.47020833
07/08/2012,19.85972222
08/08/2012,18.14986111
09/08/2012,19.26444444
10/08/2012,8.589513889
11/08/2012,7.633472222
12/08/2012,-7.811111111
13/08/2012,17.660625
14/08/2012,18.46673611
15/08/2012,19.76027778
16/08/2012,17.39222222
17/08/2012,18.38722222
18/08/2012,21.95868056
19/08/2012,26.16909722
20/08/2012,27.56506944
21/08/2012,25.38569444
22/08/2012,21.88652778
23/08/2012,18.61152778
24/08/2012,17.88923611
25/08/2012,21.02340278
26/08/2012,16.89298611
27/08/2012,16.68979167
28/08/2012,18.63743056
29/08/2012,21.54083333
30/08/2012,18.82847222
31/08/2012,15.68048611
01/09/2012,3.494930556
02/09/2012,-9.541180556
03/09/2012,3.889375
04/09/2012,3.832222222
05/09/2012,15.96388889
06/09/2012,17.12784722
07/09/2012,18.83493056
08/09/2012,17.24527778
09/09/2012,20.42868056
10/09/2012,7.992777778
11/09/2012,7.548263889
12/09/2012,-3.713958333
13/09/2012,11.65041667
14/09/2012,12.801875
15/09/2012,14.10819444
16/09/2012,14.35472222
17/09/2012,15.56576389
18/09/2012,16.521875
19/09/2012,11.62451389
20/09/2012,9.768472222
21/09/2012,10.86368056
22/09/2012,11.89888889
23/09/2012,9.504930556
24/09/2012,14.74833333
25/09/2012,15.183125
26/09/2012,16.01256944
27/09/2012,12.88881944
28/09/2012,13.4025
29/09/2012,11.70847222
30/09/2012,10.25715278
01/10/2012,4.632986111
02/10/2012,-11.75291667
03/10/2012,7.279444444
04/10/2012,12.66368056
05/10/2012,20.40798611
06/10/2012,15.341875
07/10/2012,19.17013889
08/10/2012,16.17729167
09/10/2012,22.53409722
10/10/2012,6.230902778
11/10/2012,6.789652778
12/10/2012,1.031944444
13/10/2012,9.414305556
14/10/2012,9.274722222
15/10/2012,8.303194444
16/10/2012,8.117638889
17/10/2012,10.60125
18/10/2012,13.06951389
19/10/2012,15.31180556
20/10/2012,14.43958333
21/10/2012,12.54493056
22/10/2012,8.782777778
23/10/2012,9.907847222
24/10/2012,7.638680556
25/10/2012,9.000972222
26/10/2012,3.7425
27/10/2012,0.155
28/10/2012,0.002291667
29/10/2012,-0.891388889
30/10/2012,2.974444444
31/10/2012,4.555069444
01/11/2012,6.013333333
02/11/2012,-13.53972222
03/11/2012,7.255972222
04/11/2012,9.27125
05/11/2012,22.63451389
06/11/2012,15.52041667
07/11/2012,17.46368056
08/11/2012,15.90875
09/11/2012,19.14881944
10/11/2012,7.030486111
11/11/2012,8.934652778
12/11/2012,-3.302222222
13/11/2012,2.308125
14/11/2012,0.361111111
15/11/2012,-1.058819444
16/11/2012,1.078194444
17/11/2012,1.060069444
18/11/2012,4.789375
19/11/2012,5.999444444
20/11/2012,4.131875
21/11/2012,5.423958333
22/11/2012,5.790277778
23/11/2012,3.555208333
24/11/2012,7.579027778
25/11/2012,9.661736111
26/11/2012,6.693819444
27/11/2012,7.921458333
28/11/2012,5.300416667
29/11/2012,1.912569444
30/11/2012,0.510208333
01/12/2012,6.083055556
02/12/2012,-11.66618056
03/12/2012,8.004236111
04/12/2012,7.820555556
05/12/2012,10.80409722
06/12/2012,15.06263889
07/12/2012,14.339375
08/12/2012,15.89145833
09/12/2012,12.01951389
10/12/2012,7.450625
11/12/2012,6.708333333
12/12/2012,-4.180625
13/12/2012,-3.921388889
14/12/2012,0.335138889
15/12/2012,4.425486111
16/12/2012,4.458263889
17/12/2012,3.635069444
18/12/2012,3.964583333
19/12/2012,2.785069444
20/12/2012,1.203125
21/12/2012,-0.619583333
22/12/2012,1.758680556
23/12/2012,6.950833333
24/12/2012,8.5975
25/12/2012,10.24013889
26/12/2012,7.05625
27/12/2012,7.440347222
28/12/2012,1.71625
29/12/2012,6.449444444
30/12/2012,6.796944444
31/12/2012,7.142083333
01/01/2013,6.185902778
02/01/2013,4.848402778
03/01/2013,0.820625
04/01/2013,-0.598958333
05/01/2013,9.760972222
06/01/2013,12.585625
07/01/2013,19.09041667
08/01/2013,22.48486111
09/01/2013,14.13305556
10/01/2013,7.559652778
11/01/2013,6.387638889
12/01/2013,4.669305556
13/01/2013,-4.464444444
14/01/2013,-3.518125
15/01/2013,-5.280486111
16/01/2013,-4.075069444
17/01/2013,-3.468680556
18/01/2013,-4.642847222
19/01/2013,-6.937361111
20/01/2013,-6.435138889
21/01/2013,-6.509861111
22/01/2013,-7.440972222
23/01/2013,-7.090416667
24/01/2013,-6.131736111
25/01/2013,-7.031111111
26/01/2013,-5.115833333
27/01/2013,-0.313611111
28/01/2013,2.724722222
29/01/2013,6.065208333
30/01/2013,10.1525
31/01/2013,6.473125
01/02/2013,4.060277778
02/02/2013,1.982222222
03/02/2013,0.703680556
04/02/2013,-0.096875
05/02/2013,10.37902778
06/02/2013,9.177430556
07/02/2013,19.61645833
08/02/2013,26.24090278
09/02/2013,15.35784722
10/02/2013,7.192986111
11/02/2013,11.77944444
12/02/2013,4.109861111
13/02/2013,-2.582083333
14/02/2013,-2.515694444
15/02/2013,-0.474305556
16/02/2013,1.249930556
17/02/2013,0.801458333
18/02/2013,0.242361111
19/02/2013,0.086805556
20/02/2013,-2.015902778
21/02/2013,-4.380277778
22/02/2013,-5.213472222
23/02/2013,-4.598611111
24/02/2013,-1.137013889
25/02/2013,0.147152778
26/02/2013,0.052152778
27/02/2013,-0.584791667
28/02/2013,0.281041667
01/03/2013,6.468333333
02/03/2013,1.160763889
03/03/2013,0.947430556
04/03/2013,-0.649027778
05/03/2013,11.56826389
06/03/2013,10.89930556
07/03/2013,18.79958333
08/03/2013,25.08291667
09/03/2013,18.73388889
10/03/2013,7.711180556
11/03/2013,9.551111111
12/03/2013,-0.892361111
13/03/2013,-5.790555556
14/03/2013,-6.168402778
15/03/2013,-3.956111111
16/03/2013,-2.036111111
17/03/2013,2.175
18/03/2013,1.097847222
19/03/2013,0.131597222
20/03/2013,0.187916667
21/03/2013,-0.285
22/03/2013,-2.798680556
23/03/2013,-4.826527778
24/03/2013,-5.605833333
25/03/2013,-3.962013889
26/03/2013,-2.861041667
27/03/2013,-2.377569444
28/03/2013,-0.213333333
29/03/2013,0.435
30/03/2013,-0.222222222
31/03/2013,-1.485138889
01/04/2013,9.510972222
02/04/2013,3.856875
03/04/2013,2.890208333
04/04/2013,-0.148402778
05/04/2013,10.93909722
06/04/2013,13.36083333
07/04/2013,19.43229167
08/04/2013,21.13111111
09/04/2013,19.54208333
10/04/2013,9.584097222
11/04/2013,8.974861111
12/04/2013,-0.33125
13/04/2013,10.09770833
14/04/2013,11.74833333
15/04/2013,17.17784722
16/04/2013,15.72638889
17/04/2013,16.84555556
18/04/2013,18.15451389
19/04/2013,12.21756944
20/04/2013,7.898680556
21/04/2013,10.87027778
22/04/2013,10.91715278
23/04/2013,13.06923611
24/04/2013,15.55027778
25/04/2013,16.65861111
26/04/2013,16.00944444
27/04/2013,5.841875
28/04/2013,6.585625
29/04/2013,10.24833333
30/04/2013,8.291805556
01/05/2013,7.437986111
02/05/2013,2.838055556
03/05/2013,4.732152778
04/05/2013,0.509583333
05/05/2013,14.21263889
06/05/2013,14.91611111
07/05/2013,19.48326389
08/05/2013,22.77284722
09/05/2013,20.41048611
10/05/2013,11.49743056
11/05/2013,6.406180556
12/05/2013,2.613333333
13/05/2013,9.032013889
14/05/2013,13.42479167
15/05/2013,17.25868056
16/05/2013,17.47265734
17/05/2013,17.48652778
18/05/2013,13.32201389
19/05/2013,13.72631944
20/05/2013,12.74118056
21/05/2013,12.39201389
22/05/2013,8.957569444
23/05/2013,8.794375
24/05/2013,6.901458333
25/05/2013,8.575694444
26/05/2013,7.678819444
27/05/2013,9.128333333
28/05/2013,13.493125
29/05/2013,11.63951389
30/05/2013,10.13743056
31/05/2013,13.22368056
01/06/2013,6.394930556
02/06/2013,0.171111111
03/06/2013,5.167083333
04/06/2013,0.462430556
05/06/2013,15.01270833
06/06/2013,15.515
07/06/2013,19.35798611
08/06/2013,22.145625
09/06/2013,21.508125
10/06/2013,11.68895833
11/06/2013,7.580069444
12/06/2013,1.190694444
13/06/2013,20.72034722
14/06/2013,15.10791667
15/06/2013,16.63638889
16/06/2013,17.25263889
17/06/2013,19.74680556
18/06/2013,23.79972222
19/06/2013,27.29527778
20/06/2013,23.84243056
21/06/2013,19.35597222
22/06/2013,18.83701389
23/06/2013,17.89145833
24/06/2013,15.44472222
25/06/2013,12.24791667
26/06/2013,11.39597222
27/06/2013,12.42527778
28/06/2013,13.621875
29/06/2013,13.64583333
30/06/2013,13.31534722
01/07/2013,5.317013889
02/07/2013,0.201319444
03/07/2013,4.085416667
04/07/2013,2.135
05/07/2013,14.60618056
06/07/2013,17.91881944
07/07/2013,19.05708333
08/07/2013,20.39506944
09/07/2013,22.21743056
10/07/2013,13.574375
11/07/2013,13.54256944
12/07/2013,1.490486111
13/07/2013,17.48083333
14/07/2013,18.011875
15/07/2013,17.81972222
16/07/2013,19.53333333
17/07/2013,20.25944444
18/07/2013,21.28965278
19/07/2013,21.39763889
20/07/2013,19.18979167
21/07/2013,21.52402778
22/07/2013,23.15527778
23/07/2013,23.71131944
24/07/2013,21.52201389
25/07/2013,21.61256944
26/07/2013,24.50493056
27/07/2013,26.31604167
28/07/2013,25.8075
29/07/2013,19.64729167
30/07/2013,19.88618056
31/07/2013,20.33055556
01/08/2013,4.959027778
02/08/2013,-1.464236111
03/08/2013,3.003402778
04/08/2013,2.747986111
05/08/2013,17.21875
06/08/2013,18.62166667
07/08/2013,19.47006944
08/08/2013,20.65868056
09/08/2013,18.15381944
10/08/2013,13.23888889
11/08/2013,10.79194444
12/08/2013,5.270138889
13/08/2013,14.36201389
14/08/2013,14.74548611
15/08/2013,15.79131944
16/08/2013,19.00006944
17/08/2013,20.76291667
18/08/2013,19.28152778
19/08/2013,18.16520833
20/08/2013,16.06993056
21/08/2013,16.60229167
22/08/2013,17.53881944
23/08/2013,16.05125
24/08/2013,18.94729167
25/08/2013,16.66069444
26/08/2013,16.51506944
27/08/2013,16.23048611
28/08/2013,16.28736111
29/08/2013,17.123125
30/08/2013,17.98854167
31/08/2013,17.80784722
01/09/2013,5.482083333
02/09/2013,-3.003611111
03/09/2013,1.011597222
04/09/2013,6.305416667
05/09/2013,15.89298611
06/09/2013,15.45055556
07/09/2013,20.44243056
08/09/2013,16.90569444
09/09/2013,12.92701389
10/09/2013,13.50847222
11/09/2013,9.188888889
12/09/2013,7.864722222
13/09/2013,13.39805556
14/09/2013,13.67618056
15/09/2013,14.07215278
16/09/2013,12.61465278
17/09/2013,9.674513889
18/09/2013,10.43201389
19/09/2013,11.04263889
20/09/2013,12.31166667
21/09/2013,12.75638889
22/09/2013,12.99451389
23/09/2013,15.47298611
24/09/2013,15.26798611
25/09/2013,14.50381944
26/09/2013,12.59256944
27/09/2013,7.924027778
28/09/2013,8.099166667
29/09/2013,10.03854167
30/09/2013,9.043888889
01/10/2013,3.02625
02/10/2013,-3.029027778
03/10/2013,1.181805556
04/10/2013,6.412569444
05/10/2013,14.98770833
06/10/2013,13.93354167
07/10/2013,18.98243056
08/10/2013,18.57131944
09/10/2013,12.655
10/10/2013,8.464097222
11/10/2013,5.783333333
12/10/2013,7.372291667
13/10/2013,6.783541667
14/10/2013,7.784513889
15/10/2013,10.18986111
16/10/2013,8.920138889
17/10/2013,10.67465278
18/10/2013,10.34291667
19/10/2013,9.930972222
20/10/2013,15.18930556
21/10/2013,15.37541667
22/10/2013,15.67993056
23/10/2013,16.30965278
24/10/2013,13.98388889
25/10/2013,11.583125
26/10/2013,17.62965278
27/10/2013,15.16243056
28/10/2013,15.91680556
29/10/2013,11.87090278
30/10/2013,8.205694444
31/10/2013,4.537013889
01/11/2013,-1.647291667
02/11/2013,-4.511527778
03/11/2013,-5.268333333
04/11/2013,10.71104167
05/11/2013,12.27027778
06/11/2013,15.57395833
07/11/2013,15.99291667
08/11/2013,16.52145833
09/11/2013,11.415
10/11/2013,6.748125
11/11/2013,5.008125
12/11/2013,3.538472222
13/11/2013,5.093263889
14/11/2013,0.824236111
15/11/2013,1.661319444
16/11/2013,2.761458333
17/11/2013,0.427291667
18/11/2013,4.391527778
19/11/2013,5.235972222
20/11/2013,2.565486111
21/11/2013,1.800138889
22/11/2013,2.465972222
23/11/2013,4.134930556
24/11/2013,2.720416667
25/11/2013,-0.195208333
26/11/2013,-0.834305556
27/11/2013,-1.945833333
28/11/2013,3.260902778
29/11/2013,4.219722222
30/11/2013,3.836527778
01/12/2013,-3.034861111
02/12/2013,-2.529166667
03/12/2013,-5.406944444
04/12/2013,10.48020833
05/12/2013,9.555069444
06/12/2013,18.59027778
07/12/2013,17.55805556
08/12/2013,16.49284722
09/12/2013,11.48666667
10/12/2013,5.281736111
11/12/2013,2.427847222
12/12/2013,0.832430556
13/12/2013,0.005972222
14/12/2013,0.135555556
15/12/2013,3.099930556
16/12/2013,5.543888889
17/12/2013,4.575833333
18/12/2013,2.267569444
19/12/2013,5.250138889
20/12/2013,4.667291667
21/12/2013,3.278402778
22/12/2013,9.184305556
23/12/2013,7.179236111
24/12/2013,9.690486111
25/12/2013,7.506458333
26/12/2013,5.292916667
27/12/2013,5.844166667
28/12/2013,8.231875
29/12/2013,5.18375
30/12/2013,1.117430556
31/12/2013,2.133472222
01/01/2014,2.094930556
02/01/2014,3.668680556
03/01/2014,4.785972222
04/01/2014,11.465625
05/01/2014,12.31708333
06/01/2014,13.20784722
07/01/2014,15.25944444
08/01/2014,20.22194444
09/01/2014,14.57166667
10/01/2014,16.395
11/01/2014,12.64555556
12/01/2014,-1.281666667
13/01/2014,0.801597222
14/01/2014,2.432986111
15/01/2014,2.742013889
16/01/2014,4.127430556
17/01/2014,5.880347222
18/01/2014,3.501666667
19/01/2014,1.799166667
20/01/2014,-0.714722222
21/01/2014,-1.258819444
22/01/2014,-1.571527778
23/01/2014,-2.831736111
24/01/2014,-3.149652778
25/01/2014,-7.645555556
26/01/2014,-7.56375
27/01/2014,1.160277778
28/01/2014,-0.008680556
29/01/2014,-3.555833333
30/01/2014,-1.041597222
31/01/2014,-0.953888889
01/02/2014,4.979722222
02/02/2014,2.565277778
03/02/2014,4.046458333
04/02/2014,13.98305556
05/02/2014,7.056597222
06/02/2014,14.15611111
07/02/2014,16.05909722
08/02/2014,22.40777778
09/02/2014,14.71319444
10/02/2014,15.05777778
11/02/2014,11.17354167
12/02/2014,-2.365902778
13/02/2014,5.419652778
14/02/2014,5.1125
15/02/2014,8.831041667
16/02/2014,6.254583333
17/02/2014,4.399236111
18/02/2014,3.002847222
19/02/2014,6.373958333
20/02/2014,5.945694444
21/02/2014,6.204722222
22/02/2014,4.392986111
23/02/2014,4.634722222
24/02/2014,5.723888889
25/02/2014,6.696944444
26/02/2014,7.354930556
27/02/2014,6.898958333
28/02/2014,4.649236111
01/03/2014,6.359861111
02/03/2014,0.567847222
03/03/2014,4.293194444
04/03/2014,14.48409722
05/03/2014,6.762291667
06/03/2014,15.35611111
07/03/2014,19.20055556
08/03/2014,19.59715278
09/03/2014,14.01604167
10/03/2014,13.39513889
11/03/2014,13.65041667
12/03/2014,-2.931319444
13/03/2014,7.838194444
14/03/2014,7.7875
15/03/2014,8.093680556
16/03/2014,9.629513889
17/03/2014,10.11097222
18/03/2014,9.953958333
19/03/2014,10.11833333
20/03/2014,15.13837838
21/03/2014,15.61682731
22/03/2014,9.059861111
23/03/2014,6.136736111
24/03/2014,4.422013889
25/03/2014,2.958541667
26/03/2014,4.0825
27/03/2014,8.044444444
28/03/2014,5.554444444
29/03/2014,9.128194444
30/03/2014,10.33229167
31/03/2014,10.508125
01/04/2014,7.033125
02/04/2014,1.736944444
03/04/2014,5.268888889
04/04/2014,12.79604167
05/04/2014,6.554930556
06/04/2014,16.68277778
07/04/2014,23.47006944
08/04/2014,19.00486111
09/04/2014,14.61881944
10/04/2014,12.06909722
11/04/2014,10.65569444
12/04/2014,-0.959444444
13/04/2014,11.80284722
14/04/2014,7.193333333
15/04/2014,4.9625
16/04/2014,6.043958333
17/04/2014,7.078263889
18/04/2014,5.851944444
19/04/2014,7.388819444
20/04/2014,13.47270833
21/04/2014,10.94215278
22/04/2014,13.51416667
23/04/2014,13.89451389
24/04/2014,13.07472222
25/04/2014,15.11111111
26/04/2014,15.22673611
27/04/2014,12.846875
28/04/2014,13.06715278
29/04/2014,13.73770833
30/04/2014,14.16368056
01/05/2014,5.798402778
02/05/2014,1.360208333
03/05/2014,3.58375
04/05/2014,11.31868056
05/05/2014,9.394861111
06/05/2014,15.13979167
07/05/2014,22.63756944
08/05/2014,16.975
09/05/2014,18.19277778
10/05/2014,11.61458333
11/05/2014,8.897430556
12/05/2014,1.424722222
13/05/2014,9.717430556
14/05/2014,8.599791667
15/05/2014,9.227986111
16/05/2014,11.94368056
17/05/2014,12.72534722
18/05/2014,10.90986111
19/05/2014,15.59972222
20/05/2014,19.063125
21/05/2014,21.05993056
22/05/2014,22.68277778
23/05/2014,16.95590278
24/05/2014,15.18416667
25/05/2014,15.80486111
26/05/2014,18.46965278
27/05/2014,15.84076389
28/05/2014,11.10222222
29/05/2014,8.33875
30/05/2014,11.57875
31/05/2014,13.66395833
01/06/2014,5.628680556
02/06/2014,5.613402778
03/06/2014,5.130833333
04/06/2014,13.26277778
05/06/2014,13.991875
06/06/2014,17.66826389
07/06/2014,24.30736111
08/06/2014,17.66604167
09/06/2014,19.67770833
10/06/2014,11.441875
11/06/2014,7.853541667
12/06/2014,2.589861111
13/06/2014,16.55652778
14/06/2014,13.84215278
15/06/2014,14.485625
16/06/2014,14.21993056
17/06/2014,15.39291667
18/06/2014,16.943125
19/06/2014,14.07090278
20/06/2014,13.61625
21/06/2014,14.12993056
22/06/2014,15.26569444
23/06/2014,14.79951389
24/06/2014,15.02611111
25/06/2014,12.14583333
26/06/2014,13.57020833
27/06/2014,17.02173611
28/06/2014,17.99958333
29/06/2014,15.79770833
30/06/2014,14.68444444
01/07/2014,9.7525
02/07/2014,8.842916667
03/07/2014,4.11125
04/07/2014,14.99534722
05/07/2014,14.57166667
06/07/2014,21.89215278
07/07/2014,21.31333333
08/07/2014,18.23222222
09/07/2014,17.75409722
10/07/2014,13.57555556
11/07/2014,4.425486111
12/07/2014,2.91125
13/07/2014,15.80875
14/07/2014,20.40166667
15/07/2014,21.04395833
16/07/2014,20.92854167
17/07/2014,22.57576389
18/07/2014,23.16388889
19/07/2014,25.62652778
20/07/2014,26.01229167
21/07/2014,21.22638889
22/07/2014,22.79409722
23/07/2014,22.56340278
24/07/2014,18.87069444
25/07/2014,18.19979167
26/07/2014,19.39395833
27/07/2014,19.74229167
28/07/2014,21.09854167
29/07/2014,20.81847222
30/07/2014,19.27853147
31/07/2014,19.96173611
01/08/2014,9.757291667
02/08/2014,5.901875
03/08/2014,5.6125
04/08/2014,12.89236111
05/08/2014,12.98180556
06/08/2014,25.57388889
07/08/2014,17.86368056
08/08/2014,20.03743056
09/08/2014,18.16638889
10/08/2014,15.12354167
11/08/2014,7.892291667
12/08/2014,1.992152778
13/08/2014,15.89027778
14/08/2014,16.25305556
15/08/2014,14.36923611
16/08/2014,14.710625
17/08/2014,16.07270833
18/08/2014,14.92590278
19/08/2014,14.12909722
20/08/2014,13.58652778
21/08/2014,13.42472222
22/08/2014,13.56645833
23/08/2014,12.65673611
24/08/2014,12.53631944
25/08/2014,13.54243056
26/08/2014,12.48701389
27/08/2014,14.815625
28/08/2014,15.33458333
29/08/2014,17.32541667
30/08/2014,17.22256944
31/08/2014,14.89097222
01/09/2014,8.614236111
02/09/2014,5.454444444
03/09/2014,7.340277778
04/09/2014,8.272569444
05/09/2014,14.18479167
06/09/2014,24.52972222
07/09/2014,14.54604167
08/09/2014,21.21743056
09/09/2014,15.57409722
10/09/2014,19.51888889
11/09/2014,4.009513889
12/09/2014,-1.532083333
13/09/2014,15.05993056
14/09/2014,15.01409722
15/09/2014,17.17041667
16/09/2014,18.36409722
17/09/2014,17.04
18/09/2014,16.29784722
19/09/2014,18.01965278
20/09/2014,16.03826389
21/09/2014,13.97972222
22/09/2014,10.54048611
23/09/2014,11.06243056
24/09/2014,8.978349515
25/09/2014,14.02822222
26/09/2014,13.61118056
27/09/2014,15.08020833
28/09/2014,13.46451389
29/09/2014,17.00534722
30/09/2014,17.17111111
01/10/2014,5.460277778
02/10/2014,3.815
03/10/2014,8.049861111
04/10/2014,9.091805556
05/10/2014,11.43777778
06/10/2014,24.81118056
07/10/2014,15.96590278
08/10/2014,20.72715278
09/10/2014,13.92784722
10/10/2014,15.68708333
11/10/2014,5.668333333
12/10/2014,1.618402778
13/10/2014,15.40541667
14/10/2014,14.87673611
15/10/2014,13.45743056
16/10/2014,12.89083333
17/10/2014,12.95777778
18/10/2014,12.13986111
19/10/2014,15.94145833
20/10/2014,14.6225
21/10/2014,10.63520833
22/10/2014,7.245
23/10/2014,8.839375
24/10/2014,9.285486111
25/10/2014,8.412708333
26/10/2014,10.80583333
27/10/2014,8.883125
28/10/2014,6.010138889
29/10/2014,5.290277778
30/10/2014,7.793125
31/10/2014,12.04673611
01/11/2014,3.340277778
02/11/2014,4.809027778
03/11/2014,6.143958333
04/11/2014,10.20833333
05/11/2014,10.85819444
06/11/2014,21.35555556
07/11/2014,17.47958333
08/11/2014,19.01861111
09/11/2014,13.02569444
10/11/2014,14.28819444
11/11/2014,5.961805556
12/11/2014,3.426944444
13/11/2014,7.968055556
14/11/2014,9.823055556
15/11/2014,8.602430556
16/11/2014,7.387638889
17/11/2014,6.184236111
18/11/2014,6.940833333
19/11/2014,4.410833333
20/11/2014,4.562291667
21/11/2014,4.801666667
22/11/2014,4.527083333
23/11/2014,6.009652778
24/11/2014,6.605486111
25/11/2014,0.88
26/11/2014,0.560347222
27/11/2014,1.936597222
28/11/2014,1.804652778
29/11/2014,1.710902778
30/11/2014,1.464791667
01/12/2014,2.482569444
02/12/2014,3.489027778
03/12/2014,5.629791667
04/12/2014,11.52805556
05/12/2014,11.03069444
06/12/2014,18.75347222
07/12/2014,16.84951389
08/12/2014,17.38215278
09/12/2014,13.79534722
10/12/2014,13.53854167
11/12/2014,5.534375
12/12/2014,6.987986111
13/12/2014,4.459791667
14/12/2014,1.989236111
15/12/2014,4.938472222
16/12/2014,5.101597222
17/12/2014,2.871527778
18/12/2014,9.267152778
19/12/2014,10.10486111
20/12/2014,4.838680556
21/12/2014,5.003819444
22/12/2014,8.144930556
23/12/2014,10.17256944
24/12/2014,7.412986111
25/12/2014,3.808333333
26/12/2014,0.256666667
27/12/2014,-3.220902778
28/12/2014,-5.687013889
29/12/2014,-2.395138889
30/12/2014,-1.673055556
31/12/2014,1.865347222
01/01/2015,2.715277778
02/01/2015,-1.004166667
03/01/2015,4.378819444
04/01/2015,2.676736111
05/01/2015,9.320069444
06/01/2015,13.32465278
07/01/2015,22.11645833
08/01/2015,18.175
09/01/2015,20.71798611
10/01/2015,8.910138889
11/01/2015,9.433263889
12/01/2015,7.495208333
13/01/2015,9.465625
14/01/2015,5.589305556
15/01/2015,4.796111111
16/01/2015,6.479236111
17/01/2015,2.647361111
18/01/2015,-0.607222222
19/01/2015,-0.828611111
20/01/2015,0.299583333
21/01/2015,-0.731041667
22/01/2015,-1.143541667
23/01/2015,-1.6575
24/01/2015,-0.771458333
25/01/2015,1.115347222
26/01/2015,1.105416667
27/01/2015,2.311666667
28/01/2015,2.670833333
29/01/2015,1.525138889
30/01/2015,1.103819444
31/01/2015,0.073263889
01/02/2015,3.583194444
02/02/2015,0.607569444
03/02/2015,5.311527778
04/02/2015,2.288680556
05/02/2015,9.809722222
06/02/2015,17.19611111
07/02/2015,25.18993056
08/02/2015,21.20833333
09/02/2015,15.523125
10/02/2015,8.971458333
11/02/2015,5.741458333
12/02/2015,9.008194444
13/02/2015,0.726666667
14/02/2015,1.147430556
15/02/2015,-0.654722222
16/02/2015,2.62
17/02/2015,-0.333472222
18/02/2015,1.570833333
19/02/2015,-0.010069444
20/02/2015,3.231875
21/02/2015,4.450625
22/02/2015,0.669027778
23/02/2015,1.335347222
24/02/2015,3.608472222
25/02/2015,2.618125
26/02/2015,2.110069444
27/02/2015,3.496319444
28/02/2015,2.809375
01/03/2015,2.487777778
02/03/2015,0.305347222
03/03/2015,4.426388889
04/03/2015,3.966388889
05/03/2015,11.32618056
06/03/2015,19.83513889
07/03/2015,27.32194444
08/03/2015,23.50368056
09/03/2015,13.31298611
10/03/2015,12.44798611
11/03/2015,4.164305556
12/03/2015,3.637916667
13/03/2015,0.81375
14/03/2015,1.907916667
15/03/2015,3.681319444
16/03/2015,6.575208333
17/03/2015,9.000555556
18/03/2015,9.161458333
19/03/2015,6.294791667
20/03/2015,4.469791667
21/03/2015,2.583125
22/03/2015,0.135416667
23/03/2015,3.626944444
24/03/2015,4.675694444
25/03/2015,8.970208333
26/03/2015,7.027152778
27/03/2015,6.572916667
28/03/2015,7.616458333
29/03/2015,9.7025
30/03/2015,5.855208333
31/03/2015,6.555972222
01/04/2015,2.55
02/04/2015,-1.778055556
03/04/2015,2.997638889
04/04/2015,2.314583333
05/04/2015,17.06944444
06/04/2015,17.00847222
07/04/2015,29.37534722
08/04/2015,23.74256944
09/04/2015,12.94166667
10/04/2015,12.79166667
11/04/2015,7.116041667
12/04/2015,5.492152778
13/04/2015,9.8525
14/04/2015,9.737638889
15/04/2015,17.64868056
16/04/2015,12.32118056
17/04/2015,7.368125
18/04/2015,6.057708333
19/04/2015,7.116180556
20/04/2015,10.19423611
21/04/2015,13.15916667
22/04/2015,6.779791667
23/04/2015,8.542291667
24/04/2015,12.41736111
25/04/2015,13.44951389
26/04/2015,13.89152778
27/04/2015,10.43534722
28/04/2015,7.003263889
29/04/2015,8.252638889
30/04/2015,9.699791667
01/05/2015,2.035486111
02/05/2015,-2.422638889
03/05/2015,3.630972222
04/05/2015,3.675208333
05/05/2015,19.10694444
06/05/2015,22.26805556
07/05/2015,28.173125
08/05/2015,20.47145833
09/05/2015,12.64069444
10/05/2015,14.23479167
11/05/2015,10.55319444
12/05/2015,5.41
13/05/2015,14.60993056
14/05/2015,11.63277778
15/05/2015,11.84520833
16/05/2015,12.03756944
17/05/2015,12.04145833
18/05/2015,14.945
19/05/2015,14.70909722
20/05/2015,10.83166667
21/05/2015,11.00527778
22/05/2015,11.97173611
23/05/2015,13.53479167
24/05/2015,14.75534722
25/05/2015,13.81041667
26/05/2015,10.76923611
27/05/2015,10.49881944
28/05/2015,12.99673611
29/05/2015,14.51090278
30/05/2015,11.83715278
31/05/2015,13.99256944
01/06/2015,0.382152778
02/06/2015,-2.982986111
03/06/2015,4.866458333
04/06/2015,4.575972222
05/06/2015,15.30527778
06/06/2015,24.00805556
07/06/2015,21.68145833
08/06/2015,25.32368056
09/06/2015,11.42541667
10/06/2015,14.27368056
11/06/2015,11.75326389
12/06/2015,8.231319444
13/06/2015,21.37236111
14/06/2015,19.32270833
15/06/2015,14.62236111
16/06/2015,13.149375
17/06/2015,14.545
18/06/2015,14.98416667
19/06/2015,11.73083333
20/06/2015,12.01458333
21/06/2015,12.94361111
22/06/2015,13.75965278
23/06/2015,10.79576389
24/06/2015,13.32020833
25/06/2015,16.55680556
26/06/2015,18.32576389
27/06/2015,17.35229167
28/06/2015,17.51
29/06/2015,20.55548611
30/06/2015,20.66138889
01/07/2015,1.907708333
02/07/2015,-1.638819444
03/07/2015,5.343680556
04/07/2015,6.066944444
05/07/2015,12.56430556
06/07/2015,16.99451389
07/07/2015,23.61736111
08/07/2015,27.25305556
09/07/2015,12.19444444
10/07/2015,14.75652778
11/07/2015,15.64354167
12/07/2015,9.844791667
13/07/2015,16.43576389
14/07/2015,18.64180556
15/07/2015,20.811875
16/07/2015,22.52576389
17/07/2015,25.01263889
18/07/2015,24.49534722
19/07/2015,21.13375
20/07/2015,20.43701389
21/07/2015,24.81020833
22/07/2015,25.28451389
23/07/2015,20.64569444
24/07/2015,21.76229167
25/07/2015,19.79743056
26/07/2015,16.63041667
27/07/2015,16.29222222
28/07/2015,16.82145833
29/07/2015,14.89458333
30/07/2015,14.71902778
31/07/2015,15.32534722
01/08/2015,4.316944444
02/08/2015,0.598888889
03/08/2015,9.023055556
04/08/2015,8.687361111
05/08/2015,13.63291667
06/08/2015,13.83125
07/08/2015,18.58770833
08/08/2015,24.84673611
09/08/2015,12.77631944
10/08/2015,13.78201389
11/08/2015,14.46965278
12/08/2015,4.328680556
13/08/2015,23.99659722
14/08/2015,24.83152778
15/08/2015,21.77631944
16/08/2015,18.98805556
17/08/2015,16.67652778
18/08/2015,14.94569444
19/08/2015,15.94402778
20/08/2015,15.30756944
21/08/2015,16.85513889
22/08/2015,17.62541667
23/08/2015,18.42826389
24/08/2015,20.19736111
25/08/2015,15.97256944
26/08/2015,19.10930556
27/08/2015,22.52104167
28/08/2015,16.83145833
29/08/2015,18.99916667
30/08/2015,23.88951389
31/08/2015,25.39368056
01/09/2015,7.184930556
02/09/2015,2.863333333
03/09/2015,5.448263889
04/09/2015,11.12055556
05/09/2015,15.04736111
06/09/2015,12.96819444
07/09/2015,14.65263889
08/09/2015,22.52298611
09/09/2015,13.05895833
10/09/2015,12.05666667
11/09/2015,15.16201389
12/09/2015,4.44
13/09/2015,19.84083333
14/09/2015,16.01194444
15/09/2015,14.621875
16/09/2015,16.22763889
17/09/2015,17.18666667
18/09/2015,14.98805556
19/09/2015,13.27472222
20/09/2015,12.72666667
21/09/2015,13.604375
22/09/2015,12.61576389
23/09/2015,11.90423611
24/09/2015,12.39583333
25/09/2015,11.40604167
26/09/2015,11.96402778
27/09/2015,11.05958333
28/09/2015,9.921041667
29/09/2015,10.461875
30/09/2015,9.812986111
01/10/2015,11.28208333
02/10/2015,3.975486111
03/10/2015,4.545972222
04/10/2015,12.66513889
05/10/2015,13.78493056
06/10/2015,15.32465278
07/10/2015,14.51701389
08/10/2015,25.65993056
09/10/2015,11.12340278
10/10/2015,6.940625
11/10/2015,15.09319444
12/10/2015,0.938472222
13/10/2015,2.069722222
14/10/2015,0.764861111
15/10/2015,3.586180556
16/10/2015,6.14125
17/10/2015,6.643055556
18/10/2015,6.602569444
19/10/2015,5.760416667
20/10/2015,7.567847222
21/10/2015,7.923402778
22/10/2015,8.025902778
23/10/2015,9.920486111
24/10/2015,6.086041667
25/10/2015,9.877013889
26/10/2015,9.963194444
27/10/2015,7.650972222
28/10/2015,6.367638889
29/10/2015,6.899583333
30/10/2015,9.293263889
31/10/2015,8.488680556
01/11/2015,3.046597222
02/11/2015,2.887361111
03/11/2015,4.497847222
04/11/2015,12.56215278
05/11/2015,15.61618056
06/11/2015,16.63673611
07/11/2015,18.22368056
08/11/2015,24.64965278
09/11/2015,11.73951389
10/11/2015,4.037083333
11/11/2015,13.45916667
12/11/2015,3.375833333
13/11/2015,10.68298611
14/11/2015,6.674652778
15/11/2015,10.44604167
16/11/2015,10.85486111
17/11/2015,12.18993056
18/11/2015,13.26930556
19/11/2015,11.31041667
20/11/2015,6.945416667
21/11/2015,3.553611111
22/11/2015,0.839652778
23/11/2015,0.278055556
24/11/2015,0.333402778
25/11/2015,2.161666667
26/11/2015,3.000555556
27/11/2015,-0.733194444
28/11/2015,0.597638889
29/11/2015,5.917708333
30/11/2015,7.654444444
01/12/2015,5.464583333
02/12/2015,-1.069583333
03/12/2015,2.781597222
04/12/2015,11.05034722
05/12/2015,19.19513889
06/12/2015,20.76034722
07/12/2015,18.23416667
08/12/2015,23.07513889
09/12/2015,15.67270833
10/12/2015,2.442083333
11/12/2015,11.72791667
12/12/2015,5.555138889
13/12/2015,6.543333333
14/12/2015,3.241180556
15/12/2015,5.237361111
16/12/2015,6.036875
17/12/2015,10.33944444
18/12/2015,10.15208333
19/12/2015,7.201944444
20/12/2015,8.886388889
21/12/2015,9.001111111
22/12/2015,10.92715278
23/12/2015,9.256875
24/12/2015,6.919375
25/12/2015,10.32576389
26/12/2015,12.09951389
27/12/2015,9.108472222
28/12/2015,5.831805556
29/12/2015,3.431944444
30/12/2015,1.971527778
31/12/2015,0.722986111
01/01/2016,0.249236111
02/01/2016,10.47555556
03/01/2016,0.117013889
04/01/2016,3.510208333
05/01/2016,10.81645833
06/01/2016,17.2625
07/01/2016,21.24131944
08/01/2016,17.215625
09/01/2016,19.43861111
10/01/2016,13.09965278
11/01/2016,7.841041667
12/01/2016,4.989861111
13/01/2016,3.172152778
14/01/2016,1.992986111
15/01/2016,0.926180556
16/01/2016,-0.529583333
17/01/2016,-2.162777778
18/01/2016,-4.849513889
19/01/2016,-7.853055556
20/01/2016,-2.57875
21/01/2016,-3.566111111
22/01/2016,-7.666111111
23/01/2016,1.5375
24/01/2016,3.123958333
25/01/2016,6.126041667
26/01/2016,8.158611111
27/01/2016,10.70770833
28/01/2016,7.700833333
29/01/2016,4.322152778
30/01/2016,6.728263889
31/01/2016,3.198958333
01/02/2016,-0.975486111
02/02/2016,10.21472222
03/02/2016,3.85
04/02/2016,8.202916667
05/02/2016,11.29145833
06/02/2016,15.89145833
07/02/2016,17.01604167
08/02/2016,15.45097222
09/02/2016,19.55555556
10/02/2016,13.23986111
11/02/2016,6.491944444
12/02/2016,3.481944444
13/02/2016,0.479513889
14/02/2016,5.261180556
15/02/2016,3.267708333
16/02/2016,-1.316736111
17/02/2016,-1.00625
18/02/2016,2.237013889
19/02/2016,0.560208333
20/02/2016,3.357986111
21/02/2016,10.42472222
22/02/2016,9.083680556
23/02/2016,1.766666667
24/02/2016,1.625833333
25/02/2016,-0.862013889
26/02/2016,0.218472222
27/02/2016,0.205555556
28/02/2016,-0.134513889
29/02/2016,-0.335069444
01/03/2016,-1.578055556
02/03/2016,3.937013889
03/03/2016,2.651319444
04/03/2016,13.24847222
05/03/2016,9.757083333
06/03/2016,16.44916667
07/03/2016,13.94375
08/03/2016,18.19541667
09/03/2016,20.57409722
10/03/2016,10.73236111
11/03/2016,4.27
12/03/2016,-2.395138889
13/03/2016,0.803819444
14/03/2016,1.634861111
15/03/2016,1.958125
16/03/2016,3.782847222
17/03/2016,4.668263889
18/03/2016,4.5975
19/03/2016,4.279930556
20/03/2016,4.739722222
21/03/2016,5.746944444
22/03/2016,5.208819444
23/03/2016,5.003888889
24/03/2016,5.667847222
25/03/2016,5.835208333
26/03/2016,7.579930556
27/03/2016,7.740555556
28/03/2016,8.249861111
29/03/2016,7.652152778
30/03/2016,7.641388889
31/03/2016,6.132083333
01/04/2016,-2.081111111
02/04/2016,2.625138889
03/04/2016,2.633611111
04/04/2016,14.62493056
05/04/2016,8.669930556
06/04/2016,18.39861111
07/04/2016,15.86888889
08/04/2016,19.76736111
09/04/2016,17.67201389
10/04/2016,10.83451389
11/04/2016,4.451319444
12/04/2016,-4.093125
13/04/2016,10.188125
14/04/2016,9.961944444
15/04/2016,8.947916667
16/04/2016,11.21631944
17/04/2016,7.767083333
18/04/2016,7.171041667
19/04/2016,8.260972222
20/04/2016,7.589097222
21/04/2016,9.37125
22/04/2016,8.832569444
23/04/2016,4.913819444
24/04/2016,3.440347222
25/04/2016,4.016597222
26/04/2016,4.157916667
27/04/2016,4.107569444
28/04/2016,5.297638889
29/04/2016,6.999861111
30/04/2016,10.08791667
01/05/2016,-1.761319444
02/05/2016,3.872916667
03/05/2016,5.455625
04/05/2016,13.98840278
05/05/2016,12.81333333
06/05/2016,19.661875
07/05/2016,19.41923611
08/05/2016,17.19097222
09/05/2016,15.964375
10/05/2016,7.198541667
11/05/2016,6.606597222
12/05/2016,-3.833819444
13/05/2016,15.60270833
14/05/2016,9.708333333
15/05/2016,6.979652778
16/05/2016,8.222708333
17/05/2016,9.875277778
18/05/2016,13.45076389
19/05/2016,13.01798611
20/05/2016,15.22763889
21/05/2016,17.66034722
22/05/2016,20.97854167
23/05/2016,14.89777778
24/05/2016,11.66729167
25/05/2016,12.65916667
26/05/2016,15.30541667
27/05/2016,13.96291667
28/05/2016,17.54611111
29/05/2016,18.77833333
30/05/2016,18.08930556
31/05/2016,17.75368056
01/06/2016,-4.460138889
02/06/2016,7.394583333
03/06/2016,3.551319444
04/06/2016,11.62173611
05/06/2016,16.50354167
06/06/2016,19.45784722
07/06/2016,15.70680556
08/06/2016,17.73319444
09/06/2016,17.27576389
10/06/2016,8.031458333
11/06/2016,4.617222222
12/06/2016,-4.511805556
13/06/2016,16.07895833
14/06/2016,16.03923611
15/06/2016,15.67444444
16/06/2016,14.97631944
17/06/2016,15.188125
18/06/2016,15.67569444
19/06/2016,15.07326389
20/06/2016,17.1475
21/06/2016,18.6075
22/06/2016,21.21277778
23/06/2016,25.61076389
24/06/2016,26.22736111
25/06/2016,22.11361111
26/06/2016,18.03881944
27/06/2016,17.28881944
28/06/2016,17.22236111
29/06/2016,19.64611111
30/06/2016,18.80861111
01/07/2016,-0.416041667
02/07/2016,6.740416667
03/07/2016,1.823819444
04/07/2016,8.700555556
05/07/2016,17.52916667
06/07/2016,19.32069444
07/07/2016,16.67118056
08/07/2016,19.42388889
09/07/2016,17.75201389
10/07/2016,8.648472222
11/07/2016,2.213402778
12/07/2016,-3.179791667
13/07/2016,16.48166667
14/07/2016,14.15256944
15/07/2016,14.20909722
16/07/2016,17.38534722
17/07/2016,19.53638889
18/07/2016,21.41138889
19/07/2016,22.30972222
20/07/2016,24.023125
21/07/2016,19.70555556
22/07/2016,22.11701389
23/07/2016,20.23333333
24/07/2016,22.48784722
25/07/2016,22.99041667
26/07/2016,21.51513889
27/07/2016,20.75770833
28/07/2016,20.68152778
29/07/2016,19.33381944
30/07/2016,20.67340278
31/07/2016,19.30743056
01/08/2016,3.895277778
02/08/2016,7.110694444
03/08/2016,1.182708333
04/08/2016,8.012222222
05/08/2016,17.23909722
06/08/2016,18.46076389
07/08/2016,20.30673611
08/08/2016,21.02902778
09/08/2016,20.84604167
10/08/2016,7.927708333
11/08/2016,1.939097222
12/08/2016,3.558402778
13/08/2016,20.82965278
14/08/2016,19.05486111
15/08/2016,17.03576389
16/08/2016,16.54986111
17/08/2016,14.51444444
18/08/2016,15.91951389
19/08/2016,18.76291667
20/08/2016,19.73576389
21/08/2016,17.30569444
22/08/2016,18.07069444
23/08/2016,21.68354167
24/08/2016,22.99368056
25/08/2016,24.16916667
26/08/2016,25.83118056
27/08/2016,24.73784722
28/08/2016,24.51590278
29/08/2016,20.705625
30/08/2016,16.95020833
31/08/2016,18.28013889
01/09/2016,-0.536319444
02/09/2016,7.312986111
03/09/2016,1.647986111
04/09/2016,7.759305556
05/09/2016,17.62402778
06/09/2016,15.30840278
07/09/2016,20.046875
08/09/2016,16.76819444
09/09/2016,20.90388889
10/09/2016,7.852291667
11/09/2016,0.799236111
12/09/2016,5.816458333
13/09/2016,23.36576389
14/09/2016,22.29986111
15/09/2016,21.40388889
16/09/2016,18.19944444
17/09/2016,15.02131944
18/09/2016,14.27256944
19/09/2016,12.98451389
20/09/2016,12.93576389
21/09/2016,11.47180556
22/09/2016,12.61236111
23/09/2016,14.69763889
24/09/2016,14.2275
25/09/2016,14.56791667
26/09/2016,13.91145833
27/09/2016,15.679375
28/09/2016,15.98152778
29/09/2016,18.990625
30/09/2016,14.29027778
01/10/2016,3.929722222
02/10/2016,3.604166667
03/10/2016,1.012222222
04/10/2016,6.910833333
05/10/2016,18.21090278
06/10/2016,16.29423611
07/10/2016,23.40826389
08/10/2016,12.49402778
09/10/2016,20.80277778
10/10/2016,6.847083333
11/10/2016,1.591458333
12/10/2016,7.090347222
13/10/2016,6.792222222
14/10/2016,8.205486111
15/10/2016,10.49347222
16/10/2016,12.12173611
17/10/2016,10.54979167
18/10/2016,11.72555556
19/10/2016,8.755277778
20/10/2016,6.474791667
21/10/2016,5.997777778
22/10/2016,5.770555556
23/10/2016,6.491458333
24/10/2016,7.528472222
25/10/2016,8.06875
26/10/2016,
27/10/2016,
28/10/2016,11.98402985
29/10/2016,9.893888889
30/10/2016,8.421736111
31/10/2016,7.387152778
01/11/2016,3.675833333
02/11/2016,3.742708333
03/11/2016,2.955833333
04/11/2016,7.588888889
05/11/2016,17.22743056
06/11/2016,16.05131944
07/11/2016,24.71604167
08/11/2016,12.63027778
09/11/2016,21.473125
10/11/2016,6.474652778
11/11/2016,1.164305556
12/11/2016,6.730694444
13/11/2016,-0.174722222
14/11/2016,-1.53
15/11/2016,1.380486111
16/11/2016,6.193402778
17/11/2016,10.21916667
18/11/2016,10.24333333
19/11/2016,5.852222222
20/11/2016,7.887916667
21/11/2016,9.419513889
22/11/2016,9.846944444
23/11/2016,6.550694444
24/11/2016,5.714097222
25/11/2016,2.950694444
26/11/2016,0.899236111
27/11/2016,2.841527778
28/11/2016,-0.7025
29/11/2016,-3.516041667
30/11/2016,-1.03875
01/12/2016,4.371736111
02/12/2016,1.956458333
03/12/2016,1.385138889
04/12/2016,9.739444444
05/12/2016,16.6875
06/12/2016,16.08395833
07/12/2016,20.098125
08/12/2016,14.78368056
09/12/2016,23.20798611
10/12/2016,6.033263889
11/12/2016,-0.368263889
12/12/2016,5.470694444
13/12/2016,3.750972222
14/12/2016,4.696458333
15/12/2016,2.885972222
16/12/2016,0.153680556
17/12/2016,-1.242152778
18/12/2016,2.805833333
19/12/2016,2.494305556
20/12/2016,-0.617430556
21/12/2016,-1.665555556
22/12/2016,-0.007361111
23/12/2016,1.245069444
24/12/2016,4.539513889
25/12/2016,7.798611111
26/12/2016,7.527430556
27/12/2016,5.245625
28/12/2016,4.887152778
29/12/2016,2.67625
30/12/2016,-1.706597222
31/12/2016,-2.4925
01/01/2017,-4.82